{

    "global_apps": "Apps",
    "global_friends": "Friends",
    "global_communities": "Communities",
    "head_search_results": "Search results",
    "global_chats": "Chats",
    "global_show_all_results": "Show all results",
    "global_news_search_results": "Search results by news",
    "stories_archive_privacy_info": "Only you can see your archived stories",
    "stories_remove_warning": "Are you sure you want to delete this story?<br>This cannot be undone.",
    "stories_remove_from_narrative_warning": "Are you sure you want to delete this story?<br>It will also be removed from the narrative.",
    "stories_narrative_remove_warning": "Are you sure you want to delete this narrative?<br>This cannot be undone.",
    "stories_remove_confirm": "Delete",
    "stories_answer_placeholder": "Your message…",
    "stories_answer_sent": "Message sent",
    "stories_blacklist_title": "Hidden from Stories",
    "stories_settings": "Settings",
    "stories_add_blacklist_title": "Hide from stories",
    "stories_add_blacklist_message": "This user&#39;s stories won&#39;t appear in your feed, but you&#39;ll stay friends.",
    "stories_add_blacklist_button": "Hide from stories",
    "stories_add_blacklist_message_group": "This community&#39;s stories won&#39;t appear in your feed, but you&#39;ll still be a follower.",
    "stories_remove_from_blacklist_button": "Show in stories",
    "stories_error_cant_load": "Unable to load the story.",
    "stories_try_again": "Try again",
    "stories_error_expired": "&#8203;&#8203;The story could have been viewed<br>within 24 hours after being created",
    "stories_error_deleted": "Story deleted",
    "stories_error_private": "Story hidden by author",
    "stories_error_one_time_seen": "This story is no longer available",
    "stories_mask_tooltip": "Try this mask",
    "stories_mask_sent": "Mask sent to phone",
    "stories_followed": "Started following&#33;",
    "stories_unfollowed": "You&#39;ve unfollowed",
    "stories_is_ad": "Advertisment",
    "stories_private_story": "Private<br>story",
    "stories_expired_story": "Story<br>expired",
    "stories_deleted_story": "Story<br>deleted",
    "stories_bad_browser": "Stories are not supported by your browser",
    "stories_delete_all_replies_confirm": "Are you sure you want to delete all of {{name}}&#39;s replies from last 24 hours?<br>This cannot be undone.",
    "stories_hide_reply_button": "Hide reply",
    "stories_reply_hidden": "Story reply hidden.",
    "stories_restore": "Restore",
    "stories_hide_reply_continue": "Return to replies",
    "stories_hide_all_replies": ["", "Hide all of his replies from the last 24 hours", "Hide all of her replies from the last 24 hours"],
    "stories_reply_add_to_blacklist": "Block",
    "stories_hide_reply_warning": "Are you sure you want to hide this reply?<br>This cannot be undone.",
    "stories_replies_more_button": ["", "Show %s more commenter", "Show %s more commenters"],
    "stories_all_replies_hidden": "All replies hidden",
    "stories_ban_confirm": "Are you sure you want to block {{name}}?<br>This cannot be undone.",
    "stories_banned": "The user has been blocked",
    "stories_share": "Share",
    "stories_like": "Like",
    "stories_follow": "Follow",
    "stories_unfollow": "Unfollow",
    "stories_report": "Report",
    "stories_report_sent": "Report sent",
    "stories_narrative_show": "View narrative",
    "stories_narrative_bookmark_added": "Narrative added to {{link}}Bookmarks{{\/link}}",
    "stories_narrative_bookmark_deleted": "Narrative removed from Bookmarks",
    "stories_narrative_edit_button": "Edit narrative",
    "stories_narrative_add_bookmark_button": "Add to Bookmarks",
    "stories_narrative_remove_bookmark_button": "Remove from Bookmarks",
    "stories_narrative_copy_link": "Copy link",
    "stories_narrative_copy_link_done": "Link copied",
    "stories_show_hashtag_link": "Search hashtag",
    "stories_go_to_place": "Go to place",
    "stories_go_to_group": "Open community",
    "stories_go_to_profile": "Open profile",
    "stories_go_to_post": "Go to post",
    "stories_go_to_story": "Open story",
    "stories_share_question": "Give feedback",
    "stories_live_ended_title": "Thanks for watching&#33;",
    "stories_live_ended_desc_club": "{{name}} finished <br>the live stream.",
    "stories_live_ended_desc_user": ["", "{{name}} finished the live stream.", "{{name}} finished the live stream."],
    "stories_live_ended_open_club": "Open community",
    "stories_live_ended_open_user": "Open profile",
    "stories_live_ended_watch_next": "Watch next",
    "stories_live_N_watching": ["", "%s watching now", "%s watching now"],
    "stories_live_chat_msg_too_long": "Message too long",
    "stories_questions_title": "Feedback",
    "stories_question_reply": "Respond",
    "stories_question_reply_error": "Unfortunately, your message cannot be sent due to this user&#39;s privacy settings.",
    "stories_question_reply_send": "Send",
    "stories_question_reply_placeholder": "Write a message...",
    "stories_question_delete": "Delete feedback",
    "stories_question_author_ban": "Block",
    "stories_question_author_unban": "Unblock author",
    "stories_question_author_blocked": "Author blocked",
    "stories_question_author_unblocked": "Author unblocked",
    "stories_question_author_report": "Report",
    "stories_question_report_title": "Report feedback",
    "stories_question_report_send": "Send",
    "stories_question_more": "More options",
    "stories_question_sent": "You gave feedback to {{name}}",
    "stories_question_reply_box_title": "Message to {{name}}",
    "stories_question_ask_placeholder": "Enter your feedback...",
    "stories_question_ask_box_title": "Feedback on {{name}}&#39;s story",
    "stories_question_report_reason": "Select a reason",
    "stories_question_forbidden": "You can&#39;t give feedback",
    "stories_audio_add": "Add to my music",
    "stories_audio_added": "Track added",
    "stories_audio_delete": "Delete track",
    "stories_audio_deleted": "Track deleted",
    "stories_audio_next_audio": "Play next",
    "stories_reactions_title": "Quick reactions",
    "stories_reactions_tooltip_feature": "Now you can quickly react to the story",
    "stories_go_to_market_item": "More info",
    "stories_market_access_error_title": "Error",
    "stories_market_access_error_text": "Product unavailable",
    "stories_groups_feed_block": "Communities",
    "stories_settings_box_tab_all": "All",
    "stories_settings_box_tab_separately": "Shown separately",
    "stories_settings_box_tab_grouped": "Grouped",
    "stories_settings_box_search_placeholder": "Search communities",
    "stories_settings_box_put_back": "Show last",
    "stories_groups_grid_title": "Community stories",
    "stories_go_to_app": "Go to mini app",
    "stories_groups_grid_text": "This is where you can find stories from communities that you&#39;re following",
    "stories_groups_tooltip": "Mark stories that you want to see in your stories feed",
    "stories_settings_saved": "Settings saved",
    "stories_detailed_stats": "Detailed statistics",
    "stories_privacy_feedback_hint": "Access to your stories is limited. You can change this in your privacy settings.",
    "stories_privacy_empty_views_hint": "Only you can see your stories. To get more views, make them available to everyone",
    "stories_go_to_settings": "Go to settings",
    "stories_stat_counter_off": "off",
    "stories_question_select_public": "Publicly",
    "stories_question_select_author_only": "Author only",
    "stories_question_select_anonymous": "Anonymously",
    "stories_question_about_user_tooltip": "<b>Public<\/b><br>{{name}} will be able to add your name when sharing your feedback.<br><br><b>Name visible to author<\/b><br>{{name}} will see your name but won&#39;t be able to add it when sharing your feedback.<br><br><b>Anonymous<\/b><br>{{name}} won&#39;t see your name and won&#39;t be able to add it when sharing your feedback.",
    "stories_question_about_group_tooltip": "<b>Public<\/b><br>Community managers will be able to add your name when sharing your feedback.<br><b>Name visible to author<\/b><br>Community managers will see your name but won&#39;t be able to add it when sharing your feedback.<br><b>Anonymous<\/b><br>Community managers won&#39;t see your name and won&#39;t be able to add it when sharing your feedback.",
    "stories_question_about_user_tooltip_without_anon": "<b>Public<\/b><br>{{name}} will be able to add your name when sharing your feedback.<br><br><b>Name visible to author<\/b><br>{{name}} will see your name but won&#39;t be able to add it when sharing your feedback.",
    "stories_question_about_group_tooltip_without_anon": "<b>Public<\/b><br>Community managers will be able to add your name when sharing your feedback.<br><br><b>Name visible to author<\/b><br>Community managers will see your name but won&#39;t be able to add it when sharing your feedback.",
    "stories_voting_show_result": "Show results",
    "events_media_type": "Event",
    "groups_media_type_community": null,
    "global_age_days": ["", "%s day", "%s days"],
    "global_age_months": ["", "%s month", "%s months"],
    "global_age_seconds": ["", "%s second", "%s seconds"],
    "global_age_weeks": ["", "%s week", "%s weeks"],
    "global_age_years": ["", "%s year old", "%s years old"],
    "global_and": "{{before}} and {{after}}",
    "global_back": "Back",
    "global_cancel": "Cancel",
    "global_changes_saved": "Changes saved",
    "global_continue": "Continue",
    "global_days_accusative": ["", "%s day", "%s days"],
    "global_emoji_hint": "Use the TAB key to insert emoji faster",
    "global_error": "Error",
    "global_hours": ["", "%s hour", "%s hours"],
    "global_hours_accusative": ["", "%s hour", "%s hours"],
    "global_minutes": ["", "%s minute", "%s minutes"],
    "global_minutes_accusative": ["", "%s minute", "%s minutes"],
    "global_months_accusative": ["", "%s month", "%s months"],
    "global_save": "Save",
    "global_seconds_accusative": ["", "%s second", "%s seconds"],
    "global_unknown_error": "Unknown error",
    "global_warning": "Warning",
    "global_weeks_accusative": ["", "%s week", "%s weeks"],
    "global_years_accusative": ["", "%s year", "%s years"],
    "mail_add_community_template": "Add template",
    "mail_add_doc_error": "Failed to upload the file. Executable files and files over 1 GB aren&#39;t allowed.",
    "mail_add_photo_error": "Unable to upload the image",
    "mail_added_article": "Article",
    "mail_added_audio": "Audio file",
    "mail_added_audio_playlist": "Playlist",
    "mail_added_audio_album": "Album",
    "mail_added_artist": "Artist",
    "mail_added_audiomsg": "Voice message",
    "mail_added_audios": ["", "Audio", "%s audios"],
    "mail_added_call": "Call",
    "mail_added_doc": "Document",
    "mail_added_docs": "Document",
    "mail_added_geo": "Map",
    "mail_added_gift": "Gift",
    "mail_added_graffiti": "Graffiti",
    "mail_added_link": "Link",
    "mail_added_market_item": "Product",
    "mail_added_mask": "Mask",
    "mail_added_money_request": "Money request",
    "mail_added_money_transfer": "Money transfer",
    "mail_added_msg": "Message",
    "mail_added_msgs": "Messages",
    "mail_added_photo": "Photo",
    "mail_added_photos": ["", "Photo", "%s photos"],
    "mail_added_poll": "Poll",
    "mail_added_sticker": "Sticker",
    "mail_added_story": "Story",
    "mail_added_narrative": "Narrative",
    "mail_added_video": "Video",
    "mail_added_videos": ["", "Video", "%s videos"],
    "mail_added_vkpay": "VK Pay",
    "mail_added_wall": "Wall post",
    "mail_added_wall_reply": "Wall comment",
    "mail_added_podcast": "Podcast",
    "mail_added_group": "Group",
    "mail_admin_av_time": "Average response time based on the last 3 days data.",
    "mail_all_dialogs": "Showing all chats",
    "mail_allow_comm_messages": "Allow messages",
    "mail_and_peer": "and {{count}} more {{typing}}",
    "mail_and_peer_one": "and",
    "mail_append_chat": "Add member",
    "mail_audio_message_device_error": "Error while accessing microphone",
    "mail_audio_message_permission_error": "The browser denies access to the microphone for vk.com",
    "mail_audio_message_unsupported_error": "Your device doesn&#39;t support audio recording",
    "mail_audio_message_upload_error": "Error while uploading the voice message",
    "mail_blacklist_user": ["", "You blocked {{user}}. Unblock him to send a message.", "You blocked {{user}}. Unblock her to send a message."],
    "mail_block_comm_messages": "Block messages",
    "mail_block_notify_messages": "Disable notifications",
    "mail_block_user": "Block user",
    "mail_by_you": "You",
    "mail_call_canceled": "Call canceled",
    "mail_call_declined": "Call declined",
    "mail_call_declined_by": ["", "{{user_name}} declined the call", "{{user_name}} declined the call"],
    "mail_call_incoming": "Incoming call ({{duration}})",
    "mail_call_missed": "Missed call",
    "mail_call_outgoing": "Outgoing call ({{duration}})",
    "mail_cancel": "Cancel",
    "mail_cant_send_messages_to_community": "The community disabled messaging.",
    "mail_change_topic": "Edit chat name",
    "mail_chat_invite_link": "Invitation link",
    "mail_chat_leave_confirm": "If you leave, you won&#39;t receive any new messages from this chat. You can only return if there is enough room.",
    "mail_chat_leave_title": "Leave chat?",
    "mail_chat_member_invited_by_X": ["", "Invited by {{inviter}}", "Invited by {{inviter}}"],
    "mail_chat_remove_admin": "Dismiss administrator",
    "mail_chat_reset_link_confirm": "Revoke",
    "mail_chat_reset_link_warning": "Are you sure you want to <b>revoke the link<\/b> for this chat?<br><br>This <b>cannot<\/b> be undone.",
    "mail_chat_sure_to_delete_all": "Are you sure you want to <b>delete the entire message history<\/b> for this chat?<br><br>This <b>cannot<\/b> be undone.",
    "mail_chat_topic_change_label": "New chat name:",
    "mail_chat_topic_change_title": "Edit Chat",
    "mail_chat_youre_kicked": "You&#39;ve been removed from the chat.",
    "mail_clear_recent": "Clear",
    "mail_close": "Close",
    "mail_community_answering": "{{username}} is replying",
    "mail_community_deleted": "Community deleted.",
    "mail_community_templates": "Templates",
    "mail_community_templates_delete_error": "An error occurred while deleting the template",
    "mail_community_templates_save_error": "An error occurred while saving the template",
    "mail_community_templates_hint_community": "Community",
    "mail_community_templates_hint_greeting": "Greeting",
    "mail_community_templates_hint_last_name": "Last name",
    "mail_community_templates_hint_name": "Name",
    "mail_community_templates_hint_your_last_name": "Your last name",
    "mail_community_templates_hint_your_name": "Your name",
    "mail_community_templates_not_found": "You don&#39;t have any templates yet",
    "mail_community_templates_input_size": "Character limit: {{min}} to {{max}}",
    "mail_community_was_blocked": "This community will not be able to send you messages.",
    "mail_create_chat_remove_user": "Remove participant",
    "mail_delete": "Delete",
    "mail_delete_all_spam": "Are you sure you want to delete all spam messages?",
    "mail_delete_community_template": "Delete template",
    "mail_delete_for_all": "Delete for everyone",
    "mail_deleteall1": "Delete all messages",
    "mail_deleted_stop": "Message deleted.",
    "mail_deselect_all": "Remove selection",
    "mail_deselect_message": "Remove selection for this message",
    "mail_dialog_msg_delete_N": ["", "Are you sure you want to <b>delete<\/b> this message?", "Are you sure you want to <b>delete<\/b> %s messages?"],
    "mail_dialog_msg_delete_for_all": "Are you sure you want to <b>delete the message for everyone<\/b>?",
    "mail_dialog_msg_delete_title": "Delete message",
    "mail_dialogs_list_empty": "Chat list empty.",
    "mail_dialogs_mr_empty": "No message requests.",
    "mail_dont_add_media": "Remove attachment",
    "mail_end_conversation": "Mark as answered",
    "mail_err_edit_too_long": "Message length limit exceeded",
    "mail_error": "Error",
    "mail_explain_fwd": ["", "Select a dialog to forward this message", "Select a dialog to forward these messages"],
    "mail_form_is_filled_in_incorrectly": "Form incorrectly filled out",
    "mail_forward_messages": "Forward messages",
    "mail_forward_to_community_messages": "To community messages",
    "mail_forward_to_im": "To private messages",
    "mail_forward_here": "Reply",
    "mail_fwd_msgs": ["", "%s message", "%s messages"],
    "mail_get_invite_link_copy": "Copy",
    "mail_gift_message_sent": ["", "sent a gift", "sent a gift"],
    "mail_goto_dialog": "Go to message",
    "mail_greeting_good_afternoon": "Good afternoon",
    "mail_greeting_good_evening": "Good evening",
    "mail_greeting_good_morning": "Good morning",
    "mail_greeting_good_night": "Good night",
    "mail_group_banned_messages": "The community has been banned from messaging for violating the <a class=\"wikiVkLink\" href=\"http:\/\/vk.com\/terms\">VK Terms of Service<\/a>. ",
    "mail_group_sure_to_delete_all": "Are you sure you want to <b>delete the entire message history<\/b> with this community?<br><br>This <b>cannot<\/b> be undone.",
    "mail_header_online_status": "online",
    "mail_hide_from_recent": "Hide",
    "mail_hide_keyboard": "Hide keyboard",
    "mail_hide_unpin_hover": "Hide",
    "mail_hints": "Hints",
    "mail_im_X_message_deleted": ["", "%s message deleted.", "%s messages deleted."],
    "mail_im_chat_created": ["", "{{from}} created {{title}}", "{{from}} created {{title}}"],
    "mail_im_create_chat": "Create chat",
    "mail_im_create_chat_with": "Add members",
    "mail_im_delete_all_history": "Clear message history",
    "mail_im_delete_email_contact": "Delete chat",
    "mail_im_dialog_marked_spam": "Chat marked as spam.",
    "mail_im_edit": "Edit",
    "mail_im_enter_msg": "Write a message…",
    "mail_im_friends_tab": "Select people",
    "mail_im_fwd_msgs_title": "Forwarded messages",
    "mail_im_go_to_dialog": "Go to chat",
    "mail_im_goto_conversation": "Go to chat",
    "mail_im_group_dialog": "Create group chat",
    "mail_im_here_history": "Your message history will be displayed here.",
    "mail_im_invite_by_link": ["", "{{from}} joined the chat via link", "{{from}} joined the chat via link"],
    "mail_im_invited": ["", "{{from}} added {{user}}", "{{from}} added {{user}}"],
    "mail_im_kicked_from_chat": ["", "{{from}} removed {{user}}", "{{from}} removed {{user}}"],
    "mail_im_left": ["", "{{from}} left the chat", "{{from}} left the chat"],
    "mail_im_mark_delspam": ["", "Delete message", "Delete messages"],
    "mail_im_mark_notspam": ["", "<b>Not<\/b> spam", "<b>Not<\/b> spam"],
    "mail_im_mark_reply": "Reply",
    "mail_im_mark_spam": "Spam",
    "mail_im_mark_forward": "Forward",
    "mail_im_mute": "Disable notifications",
    "mail_im_n_chat_members": ["", "%s member", "%s members"],
    "mail_im_n_vkcomgroup_members": ["", "%s follower", "%s followers"],
    "mail_im_new_messages": ["", "%s new message", "%s new messages"],
    "mail_im_notifications_off": "Enable browser notifications",
    "mail_im_notifications_on": "Disable browser notifications",
    "mail_im_peer_search": "Search message history",
    "mail_im_photo_removed": ["", "{{from}} deleted the chat photo", "{{from}} deleted the chat photo"],
    "mail_im_photo_removed_channel": ["", "{{from}} deleted the channel cover", "{{from}} deleted the channel cover"],
    "mail_im_photo_set": ["", "{{from}} updated the chat photo", "{{from}} updated the chat photo"],
    "mail_im_pin_message": ["", "{{from}} pinned &quot;{{msg}}&quot;", "{{from}} pinned &quot;{{msg}}&quot;"],
    "mail_im_pin_message_empty2": ["", "{{from}} pinned {{link}}a message{{\/link}}", "{{from}} pinned {{link}}a message{{\/link}}"],
    "mail_im_reply": "Reply",
    "mail_im_returned_to_chat": ["", "{{from}} returned to the chat", "{{from}} returned to the chat"],
    "mail_im_search_empty": "No matching messages found.",
    "mail_im_search_empty_chats": "Your search did not match any chat.",
    "mail_im_show_media_history": "Show attachments",
    "mail_im_show_media_history_group": "Show attachments",
    "mail_im_sound_off": "Enable sound notifications",
    "mail_im_sound_on": "Disable sound notifications",
    "mail_im_title_updated_channel": ["", "{{from}} changed the channel name: {{title}}", "{{from}} changed the channel name: {{title}}"],
    "mail_im_title_updated_dot": ["", "{{from}} renamed the chat to {{title}}", "{{from}} renamed the chat to {{title}}"],
    "mail_im_to_end_new": "Back to now",
    "mail_im_to_multidialog": "Go to chat",
    "mail_im_toggle_important": "Add star",
    "mail_im_toggle_important_off": "Remove star",
    "mail_im_unmark_important": "Remove star",
    "mail_im_unmute": "Enable notifications",
    "mail_im_unpin_message": ["", "{{from}} unpinned &quot;{{msg}}&quot;", "{{from}} unpinned &quot;{{msg}}&quot;"],
    "mail_im_unpin_message_empty2": ["", "{{from}} unpinned {{link}}the message{{\/link}}", "{{from}} unpinned {{link}}the message{{\/link}}"],
    "mail_important_message": "Starred message",
    "mail_invite_link_copied": "Link copied",
    "mail_invite_link_explainer": "You can invite any person to the chat using the link below.",
    "mail_invite_link_reset_explainer": "To invalidate the invitation, you can {{reset_link}}.",
    "mail_invite_link_reseted_explainer": "This invitation link has been revoked.",
    "mail_invite_reset_link": "revoke the link",
    "mail_join_invite_error_title": "Error joining the chat",
    "mail_last_activity_tip": ["", "{{user}} last seen {{time}}", "{{user}} last seen {{time}}"],
    "mail_leave_chat": "Leave chat",
    "mail_leave_channel": "Leave channel",
    "mail_close_chat": "Close chat",
    "mail_marked_as_answered": "Chat hidden from unanswered",
    "mail_marked_as_spam": "Message marked as spam and deleted.",
    "mail_members_search": "Search chat members",
    "mail_menu_pin_hide": "Hide pinned message",
    "mail_menu_pin_show": "Show pinned message",
    "mail_menu_unpin": "Unpin message",
    "mail_message_edited": "edited",
    "mail_message_request_user_notice": "The user won&#39;t know that you read their message and won&#39;t see information about you until you press the &quot;Accept request&quot; button.",
    "mail_message_request_tab_notice": "Chat invitations and message requests from people who are not in your contact list will be displayed here. Messages won&#39;t be marked as read until you accept the request.",
    "mail_message_request_accept": "Accept request",
    "mail_message_request_reject": "Decline",
    "mail_message_wait_until_uploaded": "Please wait while we&#39;re uploading the files.",
    "mail_money_amount_rub": ["", "%s rub.", "%s rub."],
    "mail_money_request_collected_amount": "{{amount}} collected",
    "mail_money_request_collected_amount_from": "{{amount}} of {{total_amount}} collected",
    "mail_money_request_held_amount": "({{amount}} pending)",
    "mail_money_request_message_sent": ["", "requested a money transfer", "requested a money transfer"],
    "mail_money_tranfer_message_sent": ["", "transferred money", "transferred money"],
    "mail_name": "Name",
    "mail_new_unread_msgs": "Unread Messages",
    "mail_not_found": "User not found",
    "mail_ok": "Reload",
    "mail_only_admin_see": "The sender&#39;s name is only visible to community administraitors",
    "mail_peer_deleted": "Account deleted.",
    "mail_pin": "Pin message",
    "mail_pinned_messages_promo_tooltip": "<b>Pin important messages<\/b> <br\/> Current and new chat members will be able to see them. ",
    "mail_recent_searches": "Recent searches",
    "mail_recording_audio": "is recording audio",
    "mail_recording_audio_several": ["", "is recording audio", "are recording audio"],
    "mail_restore": "Undo",
    "mail_restored": "Message restored",
    "mail_retry": "Retry",
    "mail_return_to_chat": "Return to chat",
    "mail_return_to_vkcomgroup": "Join channel",
    "mail_save": "Save",
    "mail_search_conversations_sep": "Chats",
    "mail_search_creation": "Enter a first or last name",
    "mail_search_dialogs_sep": "People and communities",
    "mail_search_in_peer": "Search chat",
    "mail_search_messages": "Messages",
    "mail_search_only_messages": "Search your messages",
    "mail_search_only_messages_comm": "Search in community messages",
    "mail_select_message": "Select this message",
    "mail_selected": ["", "{{count}} message selected", "{{count}} messages selected"],
    "mail_selected_shorted": ["", "{{count}} message", "{{count}} messages"],
    "mail_send2": "Send",
    "mail_send3": "Your message has been sent",
    "mail_send_error": "Unknown error. Try reloading the page.",
    "mail_send_message_error": "Error sending message",
    "mail_send_privacy_community_error": "Unfortunately, your message cannot be sent due to the community&#39;s privacy settings.",
    "mail_send_privacy_error": "Unfortunately, your message cannot be sent due to this user&#39;s privacy settings.",
    "mail_settings": "Chat info",
    "mail_settings_add_members": "Add members",
    "mail_settings_admin": "Administrator",
    "mail_settings_admins": "Administrators",
    "mail_settings_admins_can_add_admins": "Can add administrators",
    "mail_settings_all_members": "All members",
    "mail_settings_appoint_admin": "Appoint as administrator",
    "mail_settings_can_edit_info": "Can edit chat information",
    "mail_settings_can_invite": "Can invite members to the chat",
    "mail_settings_can_pin": "Can change a pinned message",
    "mail_settings_community_full_access": "Allow access to all messages",
    "mail_settings_community_mentions_only": "Access only to mentions and commands",
    "mail_settings_configure": "Settings",
    "mail_settings_edit": "Edit",
    "mail_settings_everyone": "All members",
    "mail_settings_kick": "Remove from chat",
    "mail_settings_leave": "Leave chat",
    "mail_settings_close": "Close chat",
    "mail_settings_restore": "Restore chat",
    "mail_settings_members_added": ["", "One member added", "%s members added"],
    "mail_settings_not_found": "Nothing found.",
    "mail_settings_only_admins": "Only administrators",
    "mail_settings_only_owner": "Only creator",
    "mail_settings_options": "Management",
    "mail_settings_owner": "Started the chat",
    "mail_settings_owner_and_admins": "Creator and administrators",
    "mail_settings_photo": "Photo",
    "mail_settings_remove_photo": "Delete photo",
    "mail_settings_show_all_members": "Show all chat members",
    "mail_settings_title": "Information",
    "mail_show_keyboard": "Show keyboard",
    "mail_sick_timer": "This page will refresh in {{timer}}",
    "mail_spam": "Spam",
    "mail_start_conversaion": "Start a chat",
    "mail_sure_to_delete_all": "Are you sure you want to <b>clear the entire message history<\/b> with this user?<br><br>This <b>cannot<\/b> be undone.",
    "mail_tab_mr": "Invitations",
    "mail_go_to_all_tab": "All messages",
    "mail_text": "Text",
    "mail_title_X_msgs": ["", "%s message", "%s messages"],
    "mail_to_all_dialogs": "Show all",
    "mail_to_unread": "Show unread messages",
    "mail_top_banner_hide": "Hide",
    "mail_top_search": "Search",
    "mail_typing": "is typing",
    "mail_typing_several": ["", "is typing", "are typing"],
    "mail_unfollow_channel": "Leave",
    "mail_unfollow_channel_confirmation": "Are you sure you want to <b>leave<\/b> this channel and <b>delete all messages<\/b>?",
    "mail_unpin": "Unpin message",
    "mail_unpin_text": "Are you sure you want to unpin this message? All chat members will see this change.",
    "mail_unpin_title": "Unpin message",
    "mail_unread_message": "Unread message",
    "mail_update_photo_red": "Update chat photo",
    "mail_user_black_list": "Block",
    "mail_vkcomgroup_invite_link": "Invitation link",
    "mail_vkcomgroup_leave_confirm": "If you unfollow, you will no longer receive new messages from this channel. You can re-follow at any time.",
    "mail_vkcomgroup_settings": "Channel info",
    "mail_was_edited_short": "(edited)",
    "months_of": {
        "1": "January",
        "2": "February",
        "3": "March",
        "4": "April",
        "5": "May",
        "6": "June",
        "7": "July",
        "8": "August",
        "9": "September",
        "10": "October",
        "11": "November",
        "12": "December"
    },
    "months_sm_of": {
        "1": "Jan",
        "2": "Feb",
        "3": "Mar",
        "4": "Apr",
        "5": "May",
        "6": "Jun",
        "7": "Jul",
        "8": "Aug",
        "9": "Sep",
        "10": "Oct",
        "11": "Nov",
        "12": "Dec"
    },
    "profile_mention_not_found": "User was not found",
    "profile_mention_start_typing": "Start typing a name...",
    "profile_wall_audio": "Audio",
    "profile_wall_doc": "Document",
    "profile_wall_gift": "Gift",
    "profile_wall_map": "Map",
    "profile_wall_money": "Money",
    "profile_wall_poll": "Poll",
    "profile_wall_video": "Video",
    "video_upload_changed": "Video upload incomplete. Are you sure you want to leave and cancel uploading?",
    "video_upload_encode_error": "Cannot process this video, this file type is not supported",
    "video_upload_error": "Unable to upload the video",
    "wall_changed": "edited {{time}}",
    "wall_clear_date_filter": "Reset filter",
    "wall_reply_submit_settings": "Shortcuts",
    "wall_reply_submit_settings_1": "<b>Enter<\/b> — send message<br><b>Shift+Enter<\/b> — new line",
    "wall_reply_submit_settings_2": "<b>Ctrl+Enter<\/b> — send message<br><b>Enter<\/b> — new line",
    "mail_network_waiting": "reconnecting in {{timer}}",
    "mail_network_reconnecting": "connecting",
    "mail_network_reconnect": "reconnect now",
    "mail_ad_tag_text_prefix": "AD",
    "mail_ad_tag_no_access_text": "From ad",
    "mail_ad_tag_no_access_box_title": "Error",
    "mail_ad_tag_no_access_box_text": "Insufficient permissions in the advertising office to view this ad.",
    "mail_peer_profile_likes_replies_tooltip": "Data on likes and comments is shown from 2020",
    "mail_im_peer_profile_toggle_tags_on": "Show available tags",
    "mail_im_peer_profile_toggle_tags_off": "Hide available tags",
    "mail_im_peer_profile_extra_tags": ["", "%s tag", "%s tags"],
    "mail_im_peer_profile_tags_label": "Tags",
    "mail_im_peer_profile_tags_empty": "No tags",
    "mail_im_peer_profile_info_label": "Information",
    "mail_im_peer_profile_info_empty": "none",
    "mail_im_peer_profile_join_date_label": "Started following",
    "mail_im_peer_profile_join_date_empty": "Not following",
    "mail_im_peer_profile_manage_tags": "Manage tags",
    "mail_im_peer_profile_manage_tags_box_title": "Manage",
    "mail_im_peer_profile_manage_tags_add_link": "Add tag",
    "mail_im_peer_profile_manage_tags_placeholder": "New tag",
    "mail_im_peer_profile_manage_tags_success": "Tags saved",
    "mail_im_peer_profile_manage_tags_remove": "Delete tag",
    "mail_money_transfer_decline_confirm": "Are you sure you want to decline the money transfer?",
    "mail_money_transfer_decline_btn": "Decline",
    "global_action_confirmation": "Confirm action",
    "mail_money_transfer_cancel_confirm": "Are you sure you want to cancel the money transfer?",
    "mail_money_transfer_cancel_btn": "Cancel transfer",
    "global_just_now": "just now",
    "mail_invite_chronice": "Invitation to join Snaspter",
    "mail_resend": "Resend message",
    "mail_update_photo": "Update chat photo",
    "global_date": ["", "{{day}} {{month}} {{year}}", "yesterday", "today", "tomorrow"],
    "global_short_date_time": ["", "{{day}} {{month}} at {{hour}}:{{minute}} {{am_pm}}", "yesterday at {{hour}}:{{minute}} {{am_pm}}", "today at {{hour}}:{{minute}} {{am_pm}}", "tomorrow at {{hour}}:{{minute}} {{am_pm}}"],
    "global_short_date": ["", "{{month}} {{day}}", "yesterday", "today", "tomorrow"],
    "global_word_secs_ago": ["", "one second ago", "two seconds ago", "three seconds ago", "four seconds ago", "five seconds ago"],
    "global_secs_ago": ["", "%s second ago", "%s seconds ago"],
    "global_word_mins_ago": ["", "one minute ago", "two minutes ago", "three minutes ago", "4 minutes ago", "5 minutes ago"],
    "global_mins_ago": ["", "%s minute ago", "%s minutes ago"],
    "global_word_hours_ago": ["", "one hour ago", "two hours ago", "three hours ago", "four hours ago", "five hours ago"],
    "global_hours_ago": ["", "%s hour ago", "%s hours ago"],
    "mail_please_enable_notifications": "Please allow vk.com to send you notifications in your browser settings and try again.",
    "mail_average_response_time_admin": "Average response time is {{time}}",
    "mail_by_who_nw": "{{user_href}} at ",
    "mail_user_unblacklist": "Unblock",
    "mail_im_back_to_dialogs_groups": "Back to messages",
    "mail_groups_by_you": "you",
    "mail_by_who": "at",
    "mail_dialog_fav": "Add to favorites",
    "mail_im_mark_important": "Add star",
    "mail_back_community": "Back to community",
    "mail_n_unread_dialogs": ["", "%s unread chat", "%s unread chats"],
    "mail_im_forward": "Forwarded messages",
    "mail_goto_history_end": "Back to now {{new}}",
    "mail_im_friends_shown": ["", "%s friend shown.", "%s friends shown."],
    "mail_im_typing": ["", "{{user}} is typing..", "{{user}} is typing.."],
    "mail_im_multi_typing": "{{users}} and {{last_user}} are typing..",
    "mail_im_multi_typing_w_count": ["", "{{users}} and one other person is typing...", "{{users}} and {{users_count}} others are typing..."],
    "mail_im_not_online": ["", "{{user}} is offline.", "{{user}} is offline."],
    "mail_im_no_friends": "A list of your friends will be displayed here. <br>You can chat with them in real time.<br><br>To find friends, please <b>{{link}}click here »{{\/link}}<\/b>",
    "mail_peer_name": null,
    "mail_im_refresh_dialogs": "Update Chat List",
    "mail_im_auth_failed": "Authorization failed. Please log in and open this window again.",
    "mail_im_more_history": "Show more messages in your message history &#8593;",
    "mail_im_morenew_history": "Show later messages &#8595;",
    "mail_choose_recipient": "Enter a friend&#39;s name",
    "mail_im_row_date_format": null,
    "mail_im_empty_search": "Your search returned no matches. You can enter an email address here to send a message.",
    "mail_enter_email_address": "Enter an email address",
    "global_online_sm": ["", "online", "online"],
    "mail_history_delete": "delete",
    "profile_wall_photo": "Photo",
    "mail_im_to_dialog": ["", "Go to the chat with {{user}}", "Go to the chat with {{user}}"],
    "mail_notification_settings": "Notification settings",
    "mail_write": "Compose message",
    "mail_im_X_friends_selected": ["", "%s person selected", "%s people selected"],
    "mail_im_multi_limit": ["", "Unfortunately, no more than %s person may participate in this group chat.", "Unfortunately, no more than %s people may participate in this group chat."],
    "mail_im_X_fwd_msgs": ["", "%s forwarded message", "%s forwarded messages"],
    "mail_im_X_sel_msgs": ["", "%s message selected", "%s messages selected"],
    "mail_im_invite_closed": "You have to return to the chat to invite more people.",
    "mail_im_load_all_history": "Show message history",
    "mail_send_failed": "Unable to send message",
    "mail_im_write_multi": "Add more people to the chat",
    "mail_rcpnt": "Recipient",
    "mail_rcpnts": "Recipients",
    "mail_im_search_query": "Search &quot;{{query}}&quot; in your messages...",
    "mail_im_enable_emoji": null,
    "mail_message_susp_title": "Suspicious message",
    "mail_im_back_to_dialogs": "Back to chats",
    "mail_back_to_dialog": "Back to chat",
    "mail_back_to_conv": "Back to chat",
    "mail_im_filter_friend_intro": "Start typing a friend&#39;s name or a word",
    "mail_search_placeholder": "Search message history",
    "mail_im_show_photo_history": "Show all photos",
    "mail_im_show_video_history": "Show all videos",
    "mail_im_show_audio_history": "Show all music",
    "mail_im_show_docs_history": "Show all documents",
    "mail_release_photos_here": "Release mouse button to attach photos",
    "mail_photos_drag_hint": "You can drop files here",
    "mail_im_date_search": "Find messages by date",
    "mail_im_title_updated": ["", "{{from}} renamed the chat to {{title}}", "{{from}} renamed the chat to {{title}}"],
    "mail_mention_tooltip": "To get <b>someone&#39;s attention<\/b> in the group chat, mention a member with the * or @ character.",
    "mail_upload_arch_fail": "The archive contains an invalid file and cannot be uploaded.",
    "mail_upload_music_fail": "This file type cannot be uploaded.",
    "mail_audio_message_cancel_dialog_title": "Cancel voice message",
    "mail_audio_message_cancel_dialog_body": "The voice message is not sent and will be deleted. Continue?",
    "global_store_stickers": "Stickers store",
    "global_store_stickers_new_available": "New stickers available",
    "global_link_choose_own_photo": "Choose a photo",
    "global_link_choose_own_video": "Choose video",
    "global_link_remove_photo": "Delete image",
    "global_short_date_time_l": ["", "{{day}} {{month}} at {{hour}}:{{minute}} {{am_pm}}", "yesterday at {{hour}}:{{minute}} {{am_pm}}", "today at {{hour}}:{{minute}} {{am_pm}}", "tomorrow at {{hour}}:{{minute}} {{am_pm}}"],
    "global_date_year_time": ["", "{{month}} {{day}}, {{year}} at {{hour}}:{{minute}} {{am_pm}}", "yesterday at {{hour}}:{{minute}} {{am_pm}}", "today at {{hour}}:{{minute}} {{am_pm}}", "tomorrow at {{hour}}:{{minute}} {{am_pm}}"],
    "mail_mr_truth_name": "Mr. Truth",
    "mail_message_selected": "Message selected",
    "mail_source_info": "Со страницы: {{link}}<br>{{info}}",
    "mail_was_source_short": "(доп.)",
    "mail_chats_is_disabled": "Message sending is disabled",
    "global_X_post_views": ["", "view", "views"],
    "global_like": "Like",
    "global_X_shared": ["", "share", "shares"],
    "global_left_apps_show_less": "Hide",
    "global_left_apps_show_more": "Show more",
    "box_close": "Close",
    "calls_add_participants": "Add participants",
    "calls_add_participants_to_call": "Add chat members to call",
    "calls_busy": "Busy",
    "calls_busy_error": "The user is already on a call. Please call again later.",
    "calls_call_to_chat_members": "Call chat members",
    "calls_callee_is_offline": "Offline",
    "calls_chat_busy_error": "You can&#39;t start a call in this chat because there is already a call in progress.",
    "calls_error_no_cam": "Camera access required.",
    "calls_error_no_cam_and_mic": "Camera and microphone access required.",
    "calls_error_no_mic": "Microphone access required.",
    "calls_flood_error": "You are calling too often. Try again later",
    "calls_hangup_description": "Are you sure you want to end the call?",
    "calls_incoming_audiocall": "Incoming voice call",
    "calls_incoming_process_error": "Someone is calling you, but you can&#39;t accept the call on the desktop version of the website due to an error.<br>Try accepting the call on the mobile app. If this doesn&#39;t help, refresh the page and ask the person to call back.",
    "calls_incoming_videocall": "Incoming video call",
    "calls_no_camera": "Camera not found",
    "calls_privacy_error": "Call failed because the privacy settings of one of the parties do not allow calls.",
    "calls_reject": "Decline",
    "calls_reject_call": "Decline call",
    "calls_reject_description": "Are you sure you want to decline the call?",
    "calls_reject_title": "Decline call",
    "calls_rejected_status": "Call rejected",
    "calls_reply": "Answer",
    "calls_reply_with_audio": "Answer with audio",
    "calls_reply_with_video": "Answer with video",
    "calls_selected": "{{selected}} of {{limit}} selected",
    "calls_settings": "Settings",
    "calls_settings_camera": "Camera",
    "calls_settings_mic": "Microphone",
    "calls_settings_no_camera": "Camera not found",
    "calls_settings_no_mic": "Microphone not found",
    "calls_start_error": "An error occurred during the call. Please try again later.",
    "calls_status_connecting": "Connecting",
    "calls_status_hangup": "Ending call",
    "calls_status_no_permissions": "No permissions",
    "calls_status_waiting": "Waiting",
    "calls_unsupported_browser_error": "The call failed because your browser is out of date. To make calls, update your browser.",
    "captcha_cancel": "Cancel",
    "captcha_enter_code": "Enter the code from the picture",
    "captcha_send": "Send",
    "global_add": "Add",
    "global_box_title_back": "Back",
    "global_captcha_input_here": "Enter code",
    "global_close": "Close",
    "global_delete": "Delete",
    "global_money_amount_rub": ["", "%s ruble", "%s rubles"],
    "global_no": "No",
    "global_online_long_ago": ["", "seen a long time ago", "seen a long time ago"],
    "global_online_this_month": ["", "seen this month", "seen this month"],
    "global_online_was_recently": ["", "seen recently", "seen recently"],
    "global_online_was_week": ["", "seen this week", "seen this week"],
    "global_recaptcha_title": "Confirm action",
    "global_sorry_error": "Unfortunately, an error occurred",
    "global_to_top": "Go up",
    "global_user_is_online": "online",
    "global_user_is_online_mobile": "online from mobile",
    "global_yes": "Yes",
    "mail_added_clips": "Clips",
    "mail_call_snippet_canceled": "Canceled",
    "mail_call_snippet_declined": "Declined",
    "mail_call_snippet_incoming": "Incoming call",
    "mail_call_snippet_incoming_video": "Incoming video call",
    "mail_call_snippet_missed": "Missed",
    "mail_call_snippet_missed_call": "Missed call",
    "mail_call_snippet_outgoing": "Outgoing call",
    "mail_call_snippet_outgoing_video": "Outgoing video call",
    "mail_expired_message": "Message self-destructed",
    "mail_im_call_audio": "Voice call",
    "mail_im_call_video": "Video call",
    "mail_im_chat_own_screenshot": "You took a screenshot of the chat",
    "mail_im_chat_screenshot": ["", "{{from}} took a screenshot of the chat", "{{from}} took a screenshot of the chat"],
    "mail_im_group_call_started": ["", "{{from}} started a group call", "{{from}} started a group call"],
    "mail_im_mention_all": "All the chat&#39;s members",
    "mail_im_mention_online": "Everyone who is online right now",
    "mail_im_peer_profile_delete_note_success": "Comment deleted",
    "mail_im_peer_profile_info_label_text": "Information:",
    "mail_im_peer_profile_join_date_empty_text": ["", "Not following", "Not following"],
    "mail_im_peer_profile_join_date_label_text": "Started following:",
    "mail_im_peer_profile_note_add_link": "Add comment",
    "mail_im_peer_profile_note_box_placeholder": "Enter text…",
    "mail_im_peer_profile_note_box_title": "Administrator&#39;s comment",
    "mail_im_peer_profile_note_delete_confirmation_text": "Are you sure you want to delete this comment?",
    "mail_im_peer_profile_note_delete_link": "Delete comment",
    "mail_im_peer_profile_note_edit_link": "Edit",
    "mail_im_peer_profile_note_label_text": "Comment:",
    "mail_im_peer_profile_save_note_success": "Comment saved",
    "mail_im_peer_profile_tag_delete_confirmation_text": ["", "The tag &quot;{{tag_name}}&quot; is used in %s chat. If you delete this tag, it will be removed from all chats. Are you sure you want to do this?", "The tag &quot;{{tag_name}}&quot; is used in %s chats. If you delete this tag, it will be removed from all chats. Are you sure you want to do this?"],
    "mail_im_peer_profile_tag_delete_confirmation_text_single": "The tag &quot;{{tag_name}}&quot; is used in one chat. If you delete this tag, it will be removed from the chat. Are you sure you want to do this?",
    "mail_im_peer_profile_tags_label_text": "Tags:",
    "mail_invitation_sended_ago": "Приглашение отправлено {{when}}",
    "mail_keyboard_label_location": "Send your location",
    "mail_keyboard_label_vkpay": "Pay with VK Pay",
    "mail_messages_expired": ["", "{{count}} message self-destructed", "{{count}} messages self-destructed"],
    "mail_reject_mr_confirmation_text": "Are you sure you want to decline the chat invitation?",
    "mail_reject_mr_confirmation_title": "Decline invitation",
    "text_N_symbols_remain": ["", "%s character remaining", "%s characters remaining"],
    "text_exceeds_symbol_limit": ["", "You have exceeded the limit by %s character.", "You have exceeded the limit by %s characters."],
    "votes_flex": ["", "vote", "votes"],
    "notifications_native_common_error": "An error occurred while enabling notifications.",
    "audio_claim_delete": "delete the audio file",
    "audio_claim_delete_capital": "Delete track",
    "audio_claim_objection": "by filling out a special form",
    "audio_claim_warning": "The audio file {{audio}} was removed from public access by request of the copyright holder.",
    "audio_claim_warning_title": "Arguable Audio File",
    "audio_claimed_geo": "{{audio}} is not available in your region.",
    "audio_claimed_replacement_available": "This audio file has been blocked at the request of the copyright holder. You can replace it with the original audio file of the copyright holder <b>{{original}}<\/b>.",
    "audio_replace_with_original": "Replace",
    "audio_site_rules_violation_header": "Prohibited audio file",
    "audio_site_rules_violation_warning": "{{audio}} has been removed from public access for violating the VK Terms of Service.",
    "friends_no_user_selected": "You haven&#39;t selected anyone.",
    "global_audio_ad": "Ads",
    "global_audio_only_with_subscription_btn": "Learn more",
    "global_audio_only_with_subscription_text": "Access has been limited by the artist or their representative. Subscribe and gain access to a wider range of music.",
    "global_audio_only_with_subscription_title": "This track is only available through subscription",
    "global_box_error_title": "Error",
    "global_error_occured": "An error occurred",
    "global_photo_full_size": "View photos",
    "global_search_not_found": "Your search for {{search}} returned no results.",
    "news_fb_money_transfer_decline_btn": "Decline",
    "news_fb_money_transfer_decline_confirm": "Are you sure you want to decline the money transfer?",
    "global_emoji_cat_1": "Faces",
    "global_emoji_cat_2": "Animals &amp; Nature",
    "global_emoji_cat_3": "Hands &amp; People",
    "global_emoji_cat_4": "Food &amp; Drink",
    "global_emoji_cat_5": "Activity",
    "global_emoji_cat_6": "Travel &amp; Transport",
    "global_emoji_cat_7": "Objects",
    "global_emoji_cat_8": "Symbols",
    "global_emoji_cat_9": "Flags",
    "global_emoji_cat_recent": "Frequently Used",
    "purchases_stickers_favorite_add_tt": "Add to favorites",
    "purchases_stickers_favorite_rm_tt": "Remove from favorites",
    "global_changes_saved_short": "Saved",
    "mail_call_snippet_call_back": "Call back using VK Messenger",
    "mail_cancel_invitation": "Отозвать приглашение",
    "mail_casper_chat_info": "In phantom chats, messages self-destruct after a period of time",
    "mail_casper_chat_label": "Phantom Chat",
    "mail_chat_close_confirm": "Are you sure you want to <b>close<\/b> this chat?<br><br>After the chat has been closed, it will no longer appear in the list of community chats. Users won&#39;t be able to join the chat or write anything new, but its message history will remain available.<br><br>The chat can be reopened or deleted permanently in community settings.",
    "mail_corona_bot": "#stayhome bot",
    "mail_empty_casper_message": "Messages self-destructed",
    "mail_expiring_message_badge_label": "Unread self-destructing",
    "mail_im_chat_add_members_show_history": "Show last 250 messages",
    "mail_im_empty_casper_chat": "Nobody has written here for a while.<br>Let&#39;s make it interesting&#33;<br>",
    "mail_im_mass_mention_warning_many_people_mentioned_text": ["", "%s chat member will receive a notification.", "%s chat members will receive a notification."],
    "mail_im_mass_mention_warning_maybe_many_people_mentioned_text": "You&#39;re sending notifications to everyone who is online.<br>This might be a large number of members.",
    "mail_im_mass_mention_warning_title": "Be careful with mentions",
    "mail_invited_members": "Invited",
    "mail_mention_badge_label": "Unread mentions",
    "mail_mr_service_message": "{{user}} is inviting you to the chat",
    "mail_settings_can_mass_mention": "Can send mass mentions",
    "mail_settings_mentions": "Notifications about mentions",
    "mail_settings_mentions_all": "All",
    "mail_settings_mentions_disable": "Disabled",
    "mail_settings_mentions_except": "Except @all and @online",
    "mail_settings_notices": "Do not disturb",
    "mail_settings_time_cancel": "Cancel",
    "mail_settings_time_day": "1 day",
    "mail_settings_time_eight_hours": "8 hours",
    "mail_settings_time_forever": "Forever",
    "mail_settings_time_one_hour": "1 hour",
    "mail_settings_time_week": "1 week",
    "mail_settings_until": "Until",
    "global_attach_max_n_files": ["", "You can attach up to {{count}} file to a message.", "You can attach up to {{count}} files to a message."],
    "Month10_of": "October",
    "Month11_of": "November",
    "Month12_of": "December",
    "Month1_of": "January",
    "Month2_of": "February",
    "Month3_of": "March",
    "Month4_of": "April",
    "Month5_of": "May",
    "Month6_of": "June",
    "Month7_of": "July",
    "Month8_of": "August",
    "Month9_of": "September",
    "Months_of": {
        "1": "January",
        "2": "February",
        "3": "March",
        "4": "April",
        "5": "May",
        "6": "June",
        "7": "July",
        "8": "August",
        "9": "September",
        "10": "October",
        "11": "November",
        "12": "December"
    },
    "audio_listen_snippet": "Play",
    "audio_podcast_attach_media": "Podcast",
    "box_cancel": "Cancel",
    "events_snippet_cant_participate_active": "You&#39;re not going",
    "events_snippet_will_participate_active": "You&#39;re going",
    "friends_cancel_event_invite": "Cancel invitation",
    "friends_send_event_invite": "Send invitation",
    "global_ads_in_post_replaced": "The &quot;This is an ad&quot; tag is now in the settings",
    "global_article": "Article",
    "global_artist": "Artist",
    "global_audio_playlist": "Playlist",
    "global_link_edit_desc": "Edit description",
    "global_link_edit_title": "Edit title",
    "global_link_edit_url": "Edit URL",
    "global_link_invalid_url": "Invalid URL",
    "global_media_selector_more": "More",
    "global_on_behalf_group": "Post as group",
    "global_on_behalf_me": "Comment as yourself",
    "global_recommended_exceeded": ["", "The recommended size has been exceeded by %s character.", "The recommended size has been exceeded by %s characters."],
    "global_recommended_lines": ["", "The recommended size has been exceeded by %s line.", "The recommended size has been exceeded by %s lines."],
    "global_replied_to_reply_count": ["", "%s reply", "%s replies"],
    "global_reply_to": "replying to {{user}}",
    "global_search": "Search",
    "global_share_button_remove_tooltip": "Remove button",
    "global_share_button_text_tooltip": "You can edit the button name",
    "global_share_image_required": "Choose a link image.",
    "global_share_link_failed": "Please enter a link or phone number.",
    "global_share_title_required": "Enter a link title.",
    "global_share_too_long_message": "Promoted posts with a button may not exceed 220 characters.",
    "global_share_too_many_attachments": "Promoted posts with a button may not have attachments.",
    "global_share_too_many_links": "Promoted posts with a button must not contain more than one link.",
    "global_share_too_many_newlines": "Promoted posts with a button may not have more than two line breaks.",
    "global_share_url_required": "Enter a valid URL",
    "global_type_narrative": "Narrative",
    "group_leave_group": "Leave community",
    "groups_delete_cover_confirm": "Are you sure you want to delete this cover?<br><br>Your community will be displayed in a classical view with a photo on the right.",
    "groups_delete_cover_title": "Delete cover",
    "groups_hidden_members_message_box_content": "Community managers hid the list of members.",
    "groups_hidden_members_message_box_title": "Members hidden",
    "groups_notifications_on": "Enable notifications",
    "groups_notifications_set_up": "Notifications enabled",
    "head_fr_online_tip": "Show friends",
    "news_x_new_replies_more": ["", "%s new comment added", "%s new comments added"],
    "photos_restriction_button_watch": "View",
    "profile_convert_to_article_short": "Continue in the editor",
    "profile_wall_postpone_at": "at",
    "voting_nobody_voted": "No one voted yet",
    "voting_x_voted": ["", "<b>%s<\/b> person voted", "<b>%s<\/b> people voted"],
    "voting_x_voted_short": ["", "<b>%s<\/b> person", "<b>%s<\/b> people"],
    "wall_add_photo_error": "Unable to upload the image",
    "wall_check_sign_disabled": "Display my signature if the post is edited",
    "wall_check_sign_enabled": "Hide my signature if the post is edited",
    "wall_closing_comments": "Disable comments",
    "wall_delete_suggested_box": "Are you sure you want to delete all previous suggested posts? After deletion, you will be unable to restore them.",
    "wall_delete_suggested_btn": "Delete all previous suggested posts",
    "wall_doc_add_short": "Add",
    "wall_doc_added_short": "Added",
    "wall_fix_post": "Pin post",
    "wall_hide_replies": "Hide comments",
    "wall_my_friends_only": "Only your friends can see this post",
    "wall_new_posters_new_year": "Share the holiday spirit with your friends with new posters&#33;",
    "wall_next_n_replies": ["", "Show next comment", "Show more comments"],
    "wall_open_comments": "Enable comments",
    "wall_order_feature_text": "Now you can change the order of comments",
    "wall_post_copyright_add_button": "Add source",
    "wall_post_copyright_edit_button": "Edit source",
    "wall_post_copyright_feature_text": "You can now add a source link to your post",
    "wall_post_copyright_mb_title_text": "Add source",
    "wall_post_copyright_mb_title_text_edit": "Edit source",
    "wall_post_copyright_source_text": "Source",
    "wall_post_timer_reset": "Clear",
    "wall_prev_n_replies": ["", "Show previous comment", "Show previous comments"],
    "wall_preview_link": "View page",
    "wall_publication_now": "Now",
    "wall_publish_donut_as_free_confirmation_btn": "Yes",
    "wall_publish_donut_as_free_confirmation_confirm": "Are you sure you want to make this post public?",
    "wall_publish_donut_as_free_confirmation_title": "Confirmation",
    "wall_publish_now": "Post now",
    "wall_publish_suggest": "Post",
    "wall_replied_to_group": "Community",
    "wall_reply_add_attach_label": "Add attachment",
    "wall_reply_as_group": "post as community",
    "wall_reply_as_user": "on behalf of the user",
    "wall_send": "Post",
    "wall_show_all_n_replies": ["", "Show %s comment", "Show all %s comments"],
    "wall_show_n_last_replies": ["", "Show the last %s comment", "Show the last %s comments"],
    "wall_top_feature_text": "See posts selected especially for you using the &quot;Interesting at the top&quot; mode",
    "wall_unfix_post": "Unpin post",
    "wall_x_new_replies_more": ["", "%s new comment added", "%s new comments added"],
    "apps_no_friends_for_query": "Nothing found",
    "global_charged_zone_continue": "Continue",
    "global_charged_zone_title": "Warning",
    "global_privacy_except": "excluding:",
    "privacy_N_friends_more": ["", "and %s more friend", "and %s more friends"],
    "privacy_N_friends_some": ["", "and %s more friend", "and %s more friends"],
    "purchases_stickers_favorite_limit_notice": "You can only have up to %s stickers in your favorites list. If you add a new sticker, it will automatically take the place of the oldest sticker in the list."
}