{
    "global_apps": "Приложения",
    "global_friends": "Друзья",
    "global_communities": "Сообщества",
    "head_search_results": "Результаты поиска",
    "global_chats": "Диалоги",
    "global_show_all_results": "Показать все результаты",
    "global_news_search_results": "Результаты поиска в новостях",
    "stories_archive_privacy_info": "Истории в архиве видите только Вы",
    "stories_remove_warning": "Вы действительно хотите удалить историю?<br>Отменить действие будет невозможно.",
    "stories_remove_from_narrative_warning": "Вы действительно хотите удалить историю? <br>Она так же удалится из сюжета.",
    "stories_narrative_remove_warning": "Вы действительно хотите удалить сюжет?<br>Отменить действие будет невозможно.",
    "stories_remove_confirm": "Удалить",
    "stories_answer_placeholder": "Ваше сообщение…",
    "stories_answer_sent": "Сообщение отправлено",
    "stories_blacklist_title": "Скрыты из историй",
    "stories_settings": "Настройки",
    "stories_add_blacklist_title": "Скрытие из историй",
    "stories_add_blacklist_message": "Пользователь останется в друзьях, но истории не будут показываться в новостях.",
    "stories_add_blacklist_button": "Скрыть из историй",
    "stories_add_blacklist_message_group": "Вы останетесь подписчиком сообщества, но истории не будут показываться в новостях.",
    "stories_remove_from_blacklist_button": "Вернуть в истории",
    "stories_error_cant_load": "Не удалось загрузить историю.",
    "stories_try_again": "Попробовать ещё раз",
    "stories_error_expired": "Историю можно было посмотреть<br>в течение 24 часов после публикации",
    "stories_error_deleted": "История удалена",
    "stories_error_private": "Автор скрыл историю",
    "stories_error_one_time_seen": "История больше не доступна",
    "stories_mask_tooltip": "Попробовать эту маску",
    "stories_mask_sent": "Маска отправлена на телефон",
    "stories_followed": "Вы подписались&#33;",
    "stories_unfollowed": "Вы отписались",
    "stories_is_ad": "Реклама",
    "stories_private_story": "Приватная<br>история",
    "stories_expired_story": "История<br>истекла",
    "stories_deleted_story": "История<br>удалена",
    "stories_bad_browser": "Истории не поддерживаются в Вашем браузере",
    "stories_delete_all_replies_confirm": "Вы действительно хотите удалить все ответы {{name}} за последние сутки? <br>Отменить действие будет невозможно.",
    "stories_hide_reply_button": "Скрыть ответ",
    "stories_reply_hidden": "Ответ на историю скрыт.",
    "stories_restore": "Восстановить",
    "stories_hide_reply_continue": "Продолжить просмотр",
    "stories_hide_all_replies": ["", "Скрыть все его ответы за последние сутки", "Скрыть все её ответы за последние сутки"],
    "stories_reply_add_to_blacklist": "Занести в чёрный список",
    "stories_hide_reply_warning": "Вы действительно хотите скрыть этот ответ?<br>Отменить действие будет невозможно.",
    "stories_replies_more_button": ["", "Показать ещё %s ответившего", "Показать ещё %s ответивших", "Показать ещё %s ответивших"],
    "stories_all_replies_hidden": "Все ответы скрыты",
    "stories_ban_confirm": "Вы действительно хотите добавить в чёрный список {{name}}?<br>Отменить действие будет невозможно.",
    "stories_banned": "Пользователь в чёрном списке",
    "stories_share": "Поделиться",
    "stories_like": "Нравится",
    "stories_follow": "Подписаться",
    "stories_unfollow": "Отписаться",
    "stories_report": "Пожаловаться",
    "stories_report_sent": "Жалоба отправлена",
    "stories_narrative_show": "Посмотреть cюжет",
    "stories_narrative_bookmark_added": "Сюжет сохранён в {{link}}закладках{{\/link}}",
    "stories_narrative_bookmark_deleted": "Сюжет удалён из закладок",
    "stories_narrative_edit_button": "Редактировать сюжет",
    "stories_narrative_add_bookmark_button": "Сохранить в закладках",
    "stories_narrative_remove_bookmark_button": "Удалить из закладок",
    "stories_narrative_copy_link": "Скопировать ссылку",
    "stories_narrative_copy_link_done": "Ссылка скопирована",
    "stories_show_hashtag_link": "Поиск по хештегу",
    "stories_go_to_place": "Перейти к месту",
    "stories_go_to_group": "Открыть сообщество",
    "stories_go_to_profile": "Открыть профиль",
    "stories_go_to_post": "Перейти к записи",
    "stories_go_to_story": "Перейти к истории",
    "stories_share_question": "Поделиться мнением",
    "stories_live_ended_title": "Спасибо за просмотр&#33;",
    "stories_live_ended_desc_club": "Сообщество {{name}} <br>завершило трансляцию.",
    "stories_live_ended_desc_user": ["", "{{name}} завершил трансляцию.", "{{name}} завершила трансляцию."],
    "stories_live_ended_open_club": "Открыть сообщество",
    "stories_live_ended_open_user": "Открыть профиль",
    "stories_live_ended_watch_next": "Смотреть далее",
    "stories_live_N_watching": ["", "%s смотрит сейчас", "%s смотрят сейчас", "%s смотрят сейчас"],
    "stories_live_chat_msg_too_long": "Сообщение слишком длинное ",
    "stories_questions_title": "Мнения",
    "stories_question_reply": "Ответить",
    "stories_question_reply_error": "Вы не можете отправить сообщение этому пользователю, так как он ограничил круг лиц, которые могут присылать ему сообщения.",
    "stories_question_reply_send": "Отправить",
    "stories_question_reply_placeholder": "Напишите сообщение...",
    "stories_question_delete": "Удалить мнение",
    "stories_question_author_ban": "Заблокировать",
    "stories_question_author_unban": "Разблокировать автора",
    "stories_question_author_blocked": "Автор заблокирован",
    "stories_question_author_unblocked": "Автор разблокирован",
    "stories_question_author_report": "Пожаловаться",
    "stories_question_report_title": "Жалоба на мнение",
    "stories_question_report_send": "Отправить",
    "stories_question_more": "Действия",
    "stories_question_sent": "Вы поделились мнением с {{name}}",
    "stories_question_reply_box_title": "Сообщение {{name}}",
    "stories_question_ask_placeholder": "Введите текст...",
    "stories_question_ask_box_title": "Мнение к истории {{name}}",
    "stories_question_report_reason": "Укажите причину",
    "stories_question_forbidden": "Вы не можете поделиться мнением",
    "stories_audio_add": "Добавить в мою музыку",
    "stories_audio_added": "Аудиозапись добавлена",
    "stories_audio_delete": "Удалить аудиозапись",
    "stories_audio_deleted": "Аудиозапись удалена",
    "stories_audio_next_audio": "Слушать далее",
    "stories_reactions_title": "Быстрые реакции",
    "stories_reactions_tooltip_feature": "Нажмите на поле ввода, чтобы отправить реакцию",
    "stories_go_to_market_item": "Подробнее",
    "stories_market_access_error_title": "Ошибка",
    "stories_market_access_error_text": "Данный товар недоступен",
    "stories_groups_feed_block": "Сообщества",
    "stories_settings_box_tab_all": "Все",
    "stories_settings_box_tab_separately": "Отображаемые отдельно",
    "stories_settings_box_tab_grouped": "Сгруппированные",
    "stories_settings_box_search_placeholder": "Поиск по сообществам",
    "stories_settings_box_put_back": "Отображать последним",
    "stories_groups_grid_title": "Истории сообществ",
    "stories_go_to_app": "Перейти к приложению",
    "stories_groups_grid_text": "Здесь собраны истории сообществ, на которые Вы подписаны",
    "stories_groups_tooltip": "Отмечайте истории, которые хотите видеть в общем списке",
    "stories_settings_saved": "Настройки сохранены",
    "stories_detailed_stats": "Подробная статистика",
    "stories_privacy_feedback_hint": "У Вас ограничен доступ к историям. Перейдите в настройки приватности, чтобы это изменить.",
    "stories_privacy_empty_views_hint": "Истории видите только Вы. Сделайте их доступными всем, чтобы получать больше просмотров",
    "stories_go_to_settings": "Перейти в настройки",
    "stories_stat_counter_off": "выкл",
    "stories_question_select_public": "Публично",
    "stories_question_select_author_only": "Видно только автору",
    "stories_question_select_anonymous": "Анонимно",
    "stories_question_about_user_tooltip": "<b>Публично<\/b><br>{{name}} сможет указать Ваше имя при публикации мнения.<br><br><b>Имя видно автору<\/b><br>{{name}} увидит Ваше имя, но не сможет указать его при публикации мнения.<br><br><b>Анонимно<\/b><br>{{name}} не увидит Ваше имя и не сможет указать его при публикации мнения.",
    "stories_question_about_group_tooltip": "<b>Публично<\/b><br>Руководитель сообщества сможет указать Ваше имя при публикации мнения.<br><br><b>Имя видно автору<\/b><br>Руководитель сообщества увидит Ваше имя, но не сможет указать его при публикации мнения.<br><br><b>Анонимно<\/b><br>Руководитель сообщества не увидит Ваше имя и не сможет указать его при публикации мнения.",
    "stories_question_about_user_tooltip_without_anon": "<b>Публично<\/b><br>{{name}} сможет указать Ваше имя при публикации мнения.<br><br><b>Имя видно автору<\/b><br>{{name}} увидит Ваше имя, но не сможет указать его при публикации мнения.",
    "stories_question_about_group_tooltip_without_anon": "<b>Публично<\/b><br>Руководитель сообщества сможет указать Ваше имя при публикации мнения.<br><br><b>Имя видно автору<\/b><br>Руководитель сообщества увидит Ваше имя, но не сможет указать его при публикации мнения.",
    "stories_voting_show_result": "Посмотреть результаты",
    "groups_fast_menu_access": "Добавить в левое меню",
    "groups_left_menu_full": ["", "Вы можете добавить в левое меню не более %s сообщества.<br><br>Чтобы добавить ещё одно, удалите ненужное.", "Вы можете добавить в левое меню не более %s сообществ.<br><br>Чтобы добавить ещё одно, удалите ненужное.", "Вы можете добавить в левое меню не более %s сообществ.<br><br>Чтобы добавить ещё одно, удалите ненужное."],
    "groups_fast_menu_access_invert": "Убрать из меню",
    "groups_back_to_list": "Список групп",
    "groups_N_people_like_it": ["", "%s подписчик", "%s подписчика", "%s подписчиков"],
    "groups_num_particip": ["", "%s участник", "%s участника", "%s участников"],
    "groups_friend_cnt_in_group": ["", "В сообществе {{link}}%s Ваш друг{{\/link}}.", "В сообществе {{link}}%s Ваших друга{{\/link}}.", "В сообществе {{link}}%s Ваших друзей{{\/link}}."],
    "groups_group_enter_message": "Приглашение принято.",
    "groups_group_deny_message": "Приглашение отклонено.",
    "groups_ajax_inv_declined_spam": "Приглашение отклонено и помечено как спам.",
    "groups_group_left": "Вы отклонили приглашение",
    "groups_sure_reject_all": "Вы уверены, что хотите отклонить все приглашения?<br>Это действие нельзя будет отменить.",
    "groups_reject_all_inv": "Отклонить все приглашения",
    "groups_members_application_decline": "Отклонить заявку",
    "events_user_will_participate": "Точно пойду",
    "events_user_unsure": "Возможно, пойду",
    "events_user_cant_participate": "Не могу пойти",
    "events_you_unsure": "Вы не уверены, что пойдёте.",
    "events_you_cant_participate": "Вы не собираетесь приходить.",
    "events_you_will_participate": "Вы пойдёте.",
    "events_change_status": "Изменить решение",
    "events_took_place": "Вы посетили мероприятие.",
    "events_decline_past_event": "Убрать из списка",
    "events_restore_past_event": "Вернуть в список",
    "public_you_unsubscribed": "Вы отписались от новостей.",
    "groups_block_clubinv": "Запретить приглашения из сообщества {{club}}",
    "search_Group": "Группа",
    "search_Public": "Страница",
    "search_Event": "Мероприятие",
    "search_filter_any": "Любой",
    "search_filter_adult": "Безопасный поиск",
    "groups_order_members": "По числу подписчиков",
    "groups_order_popularity": "По популярности",
    "groups_order_relevance": "По релевантности",
    "groups_feedunblock": "Не скрывать из новостей",
    "public_subscribe": "Подписаться",
    "public_unsubscribe": "Отписаться",
    "global_warning": "Предупреждениe",
    "group_leave_group": "Выйти из группы",
    "groups_bookmark_add": "Сохранить в закладках",
    "groups_bookmark_delete": "Удалить из закладок",
    "wall_unsubscribe_from_posts": "Не уведомлять о записях",
    "wall_subscribe_to_posts": "Уведомлять о записях",
    "global_X_post_views": ["", "просмотр", "просмотра", "просмотров"],
    "global_like": "Нравится",
    "global_X_shared": ["", "поделился", "поделились", "поделились"],
    "global_left_apps_show_less": "Скрыть",
    "global_left_apps_show_more": "Показать ещё",
    "box_close": "Закрыть",
    "calls_add_participants": "Добавить участников",
    "calls_add_participants_to_call": "Добавить в звонок участников беседы",
    "calls_busy": "Занято",
    "calls_busy_error": "Пользователь уже разговаривает. Перезвоните позже.",
    "calls_call_to_chat_members": "Позвонить участникам беседы",
    "calls_callee_is_offline": "Не в сети",
    "calls_chat_busy_error": "Вы не можете начать звонок в этой беседе, потому что в ней уже идёт звонок.",
    "calls_error_no_cam": "Необходим доступ к камере.",
    "calls_error_no_cam_and_mic": "Необходим доступ к камере и микрофону.",
    "calls_error_no_mic": "Необходим доступ к микрофону.",
    "calls_flood_error": "Вы слишком часто звоните. Повторите попытку позже.",
    "calls_hangup_description": "Вы уверены, что хотите завершить звонок?",
    "calls_incoming_audiocall": "Входящий аудиозвонок",
    "calls_incoming_process_error": "Вам позвонили, но принять звонок в версии для компьютера не получится из-за ошибки.<br>Попробуйте принять вызов в мобильном приложении. Если это не поможет, обновите страницу и попросите собеседника перезвонить.",
    "calls_incoming_videocall": "Входящий видеозвонок",
    "calls_no_camera": "Камера не обнаружена",
    "calls_privacy_error": "Звонок не удался, так как у Вас или собеседника звонки запрещены в настройках приватности.",
    "calls_reject": "Отклонить",
    "calls_reject_call": "Отклонить звонок",
    "calls_reject_description": "Вы уверены, что хотите отклонить звонок?",
    "calls_reject_title": "Отклонить звонок",
    "calls_rejected_status": "Вызов отклонён",
    "calls_reply": "Ответить",
    "calls_reply_with_audio": "Ответить с аудио",
    "calls_reply_with_video": "Ответить с видео",
    "calls_selected": "Выбрано {{selected}} из {{limit}}",
    "calls_settings": "Настройки",
    "calls_settings_camera": "Камера",
    "calls_settings_mic": "Микрофон",
    "calls_settings_no_camera": "Камера не обнаружена",
    "calls_settings_no_mic": "Микрофон не обнаружен",
    "calls_start_error": "Во время звонка произошла ошибка. Повторите попытку позже.",
    "calls_status_connecting": "Подключение",
    "calls_status_hangup": "Отключение",
    "calls_status_no_permissions": "Нет разрешений",
    "calls_status_waiting": "Ожидание",
    "calls_unsupported_browser_error": "Звонок не удался, потому что Ваш браузер устарел. Обновите его, чтобы пользоваться звонками.",
    "captcha_cancel": "Отмена",
    "captcha_enter_code": "Введите код с картинки",
    "captcha_send": "Отправить",
    "global_add": "Добавить",
    "global_age_days": ["", "%s день", "%s дня", "%s дней"],
    "global_age_months": ["", "%s месяц", "%s месяца", "%s месяцев"],
    "global_age_seconds": ["", "%s секунда", "%s секунды", "%s секунд"],
    "global_age_weeks": ["", "%s неделя", "%s недели", "%s недель"],
    "global_age_years": ["", "%s год", "%s года", "%s лет"],
    "global_and": "{{before}} и {{after}}",
    "global_back": "Назад",
    "global_box_title_back": "Вернуться назад",
    "global_cancel": "Отмена",
    "global_captcha_input_here": "Введите код",
    "global_close": "Закрыть",
    "global_date": ["", "{{day}} {{month}} {{year}}", "вчера", "сегодня", "завтра"],
    "global_days_accusative": ["", "%s день", "%s дня", "%s дней"],
    "global_delete": "Удалить",
    "global_error": "Ошибка",
    "global_hours": ["", "%s час", "%s часа", "%s часов"],
    "global_hours_accusative": ["", "%s час", "%s часа", "%s часов"],
    "global_hours_ago": ["", "%s час назад", "%s часа назад", "%s часов назад"],
    "global_just_now": "только что",
    "global_mins_ago": ["", "%s минуту назад", "%s минуты назад", "%s минут назад"],
    "global_minutes": ["", "%s минута", "%s минуты", "%s минут"],
    "global_minutes_accusative": ["", "%s минуту", "%s минуты", "%s минут"],
    "global_money_amount_rub": ["", "%s рубль", "%s рубля", "%s рублей"],
    "global_months_accusative": ["", "%s месяц", "%s месяца", "%s месяцев"],
    "global_no": "Нет",
    "global_online_long_ago": ["", "заходил давно", "заходила давно"],
    "global_online_this_month": ["", "заходил в этом месяце", "заходил в этом месяце"],
    "global_online_was_recently": ["", "заходил недавно", "заходила недавно"],
    "global_online_was_week": ["", "заходил на этой неделе", "заходила на этой неделе"],
    "global_recaptcha_title": "Подтверждение действия",
    "global_save": "Сохранить",
    "global_seconds_accusative": ["", "%s секунду", "%s секунды", "%s секунд"],
    "global_secs_ago": ["", "%s секунду назад", "%s секунды назад", "%s секунд назад"],
    "global_short_date": ["", "{{day}} {{month}}", "вчера", "сегодня", "завтра"],
    "global_short_date_time": ["", "{{day}} {{month}} в {{hour}}:{{minute}}", "вчера в {{hour}}:{{minute}}", "сегодня в {{hour}}:{{minute}}", "завтра в {{hour}}:{{minute}}"],
    "global_short_date_time_l": ["", "{{day}} {{month}} в {{hour}}:{{minute}}", "вчера в {{hour}}:{{minute}}", "сегодня в {{hour}}:{{minute}}", "завтра в {{hour}}:{{minute}}"],
    "global_sorry_error": "К сожалению, произошла ошибка",
    "global_to_top": "Наверх",
    "global_user_is_online": "онлайн",
    "global_user_is_online_mobile": "онлайн с телефона",
    "global_weeks_accusative": ["", "%s неделю", "%s недели", "%s недель"],
    "global_word_hours_ago": ["", "час назад", "два часа назад", "три часа назад", "четыре часа назад", "пять часов назад"],
    "global_word_mins_ago": ["", "минуту назад", "две минуты назад", "три минуты назад", "4 минуты назад", "5 минут назад"],
    "global_word_secs_ago": ["", "только что", "две секунды назад", "три секунды назад", "четыре секунды назад", "пять секунд назад"],
    "global_years_accusative": ["", "%s год", "%s года", "%s лет"],
    "global_yes": "Да",
    "mail_ad_tag_no_access_box_text": "Недостаточно прав в рекламном кабинете, чтобы просматривать объявление.",
    "mail_ad_tag_no_access_box_title": "Ошибка",
    "mail_ad_tag_no_access_text": "Из рекламы",
    "mail_ad_tag_text_prefix": "AD",
    "mail_added_article": "Статья",
    "mail_added_artist": "Музыкант",
    "mail_added_audio": "Аудиозапись",
    "mail_added_audio_album": "Альбом",
    "mail_added_audio_playlist": "Плейлист",
    "mail_added_audiomsg": "Голосовое сообщение",
    "mail_added_audios": ["", "Аудиозапись", "%s аудиозаписи", "%s аудиозаписей"],
    "mail_added_call": "Звонок",
    "mail_added_clips": "Клипы",
    "mail_added_doc": "Документ",
    "mail_added_docs": "Документ",
    "mail_added_geo": "Карта",
    "mail_added_gift": "Подарок",
    "mail_added_graffiti": "Граффити",
    "mail_added_group": "Группа",
    "mail_added_link": "Ссылка",
    "mail_added_market_item": "Товар",
    "mail_added_mask": "Маска",
    "mail_added_money_request": "Запрос на денежный перевод",
    "mail_added_money_transfer": "Денежный перевод",
    "mail_added_msg": "Cообщение",
    "mail_added_msgs": "Cообщения",
    "mail_added_photo": "Фотография",
    "mail_added_photos": ["", "Фотография", "%s фотографии", "%s фотографий"],
    "mail_added_podcast": "Подкаст",
    "mail_added_poll": "Опрос",
    "mail_added_sticker": "Стикер",
    "mail_added_story": "История",
    "mail_added_video": "Видеозапись",
    "mail_added_videos": ["", "Видеозапись", "%s видеозаписи", "%s видеозаписей"],
    "mail_added_vkpay": "Запрос VK Pay",
    "mail_added_wall": "Запись на стене",
    "mail_added_wall_reply": "Комментарий на стене",
    "mail_allow_comm_messages": "Разрешить сообщения",
    "mail_and_peer": "и ещё {{count}} {{typing}}",
    "mail_and_peer_one": "и",
    "mail_block_comm_messages": "Запретить сообщения",
    "mail_block_notify_messages": "Запретить оповещения",
    "mail_block_user": "Заблокировать пользователя",
    "mail_by_you": "Вы",
    "mail_call_canceled": "Вы отменили звонок",
    "mail_call_declined": "Звонок отклонён",
    "mail_call_declined_by": ["", "{{user_name}} отклонил звонок", "{{user_name}} отклонила звонок"],
    "mail_call_incoming": "Входящий звонок ({{duration}})",
    "mail_call_missed": "Вы пропустили звонок",
    "mail_call_outgoing": "Исходящий звонок ({{duration}})",
    "mail_call_snippet_canceled": "Отменён",
    "mail_call_snippet_declined": "Отклонён",
    "mail_call_snippet_incoming": "Входящий звонок",
    "mail_call_snippet_incoming_video": "Входящий видеозвонок",
    "mail_call_snippet_missed": "Пропущен",
    "mail_call_snippet_missed_call": "Пропущенный звонок",
    "mail_call_snippet_outgoing": "Исходящий звонок",
    "mail_call_snippet_outgoing_video": "Исходящий видеозвонок",
    "mail_chat_leave_confirm": "Покинув беседу, Вы не будете получать новые сообщения от участников. Вы сможете вернуться при наличии свободных мест.<br>",
    "mail_chat_sure_to_delete_all": "Вы действительно хотите <b>удалить всю переписку<\/b> в этой беседе?<br><br>Отменить это действие будет <b>невозможно<\/b>.",
    "mail_clear_recent": "Очистить",
    "mail_create_chat_remove_user": "Удалить собеседника",
    "mail_delete": "Удалить",
    "mail_delete_for_all": "Удалить для всех",
    "mail_deleteall1": "Удалить все сообщения",
    "mail_deleted_stop": "Сообщение удалено.",
    "mail_dialog_msg_delete_N": ["", "Вы действительно хотите <b>удалить<\/b> сообщение?", "Вы действительно хотите <b>удалить<\/b> %s сообщения?", "Вы действительно хотите <b>удалить<\/b> %s сообщений?"],
    "mail_dialog_msg_delete_title": "Удалить сообщение",
    "mail_error": "Ошибка",
    "mail_expired_message": "Сообщение исчезло",
    "mail_fwd_msgs": ["", "%s сообщение", "%s сообщения", "%s сообщений"],
    "mail_gift_message_sent": ["", "отправил подарок", "отправила подарок"],
    "mail_group_sure_to_delete_all": "Вы действительно хотите <b>удалить всю переписку<\/b> с этим сообществом?<br><br>Отменить это действие будет <b>невозможно<\/b>.",
    "mail_header_online_status": "online",
    "mail_hide_unpin_hover": "Скрыть",
    "mail_im_call_audio": "Аудиозвонок",
    "mail_im_call_video": "Видеозвонок",
    "mail_im_chat_created": ["", "{{from}} создал беседу {{title}}", "{{from}} создала беседу {{title}}"],
    "mail_im_chat_own_screenshot": "Вы сделали скриншот беседы",
    "mail_im_chat_screenshot": ["", "{{from}} сделал скриншот беседы", "{{from}} сделала скриншот беседы"],
    "mail_im_create_chat_with": "Добавить собеседников",
    "mail_im_delete_all_history": "Очистить историю сообщений",
    "mail_im_delete_email_contact": "Удалить переписку",
    "mail_im_goto_conversation": "Перейти к диалогу",
    "mail_im_group_call_started": ["", "{{from}} начал групповой звонок", "{{from}} начала групповой звонок"],
    "mail_im_invite_by_link": ["", "{{from}} присоединился к беседе по ссылке", "{{from}} присоединилась к беседе по ссылке"],
    "mail_im_invited": ["", "{{from}} пригласил {{user}}", "{{from}} пригласила {{user}}"],
    "mail_im_kicked_from_chat": ["", "{{from}} исключил {{user}}", "{{from}} исключила {{user}}"],
    "mail_im_left": ["", "{{from}} вышел из беседы", "{{from}} вышла из беседы"],
    "mail_im_mention_all": "Все участники беседы",
    "mail_im_mention_online": "Все, кто сейчас онлайн",
    "mail_im_mute": "Отключить уведомления",
    "mail_im_n_chat_members": ["", "%s участник", "%s участника", "%s участников"],
    "mail_im_new_messages": ["", "%s новое сообщение", "%s новых сообщения", "%s новых сообщений"],
    "mail_im_peer_profile_delete_note_success": "Комментарий удалён",
    "mail_im_peer_profile_extra_tags": ["", "%s метка", "%s метки", "%s меток"],
    "mail_im_peer_profile_info_empty": "Нет данных",
    "mail_im_peer_profile_info_label_text": "Информация:",
    "mail_im_peer_profile_join_date_empty_text": ["", "Не подписан", "Не подписана"],
    "mail_im_peer_profile_join_date_label_text": "Дата подписки:",
    "mail_im_peer_profile_manage_tags": "Управление метками",
    "mail_im_peer_profile_manage_tags_add_link": "Добавить метку",
    "mail_im_peer_profile_manage_tags_box_title": "Управление",
    "mail_im_peer_profile_manage_tags_placeholder": "Новая метка",
    "mail_im_peer_profile_manage_tags_remove": "Удалить метку",
    "mail_im_peer_profile_manage_tags_success": "Метки сохранены",
    "mail_im_peer_profile_note_add_link": "Добавить комментарий",
    "mail_im_peer_profile_note_box_placeholder": "Введите текст…",
    "mail_im_peer_profile_note_box_title": "Комментарий администратора",
    "mail_im_peer_profile_note_delete_confirmation_text": "Вы уверены, что хотите удалить комментарий?",
    "mail_im_peer_profile_note_delete_link": "Удалить комментарий",
    "mail_im_peer_profile_note_edit_link": "Редактировать",
    "mail_im_peer_profile_note_label_text": "Комментарий:",
    "mail_im_peer_profile_save_note_success": "Комментарий сохранён",
    "mail_im_peer_profile_tag_delete_confirmation_text": ["", "Метка «{{tag_name}}» используется в %s диалоге. Если удалить метку, она удалится из всех диалогов. Вы уверены, что хотите удалить её?", "Метка «{{tag_name}}» используется в %s диалогах. Если удалить метку, она удалится из всех диалогов. Вы уверены, что хотите удалить её?", "Метка «{{tag_name}}» используется в %s диалогах. Если удалить метку, она удалится из всех диалогов. Вы уверены, что хотите удалить её?"],
    "mail_im_peer_profile_tag_delete_confirmation_text_single": "Метка «{{tag_name}}» используется в одном диалоге. Если удалить метку, она удалится из диалога. Вы уверены, что хотите удалить её?",
    "mail_im_peer_profile_tags_empty": "Без меток",
    "mail_im_peer_profile_tags_label_text": "Метки:",
    "mail_im_peer_profile_toggle_tags_off": "Скрыть доступные метки",
    "mail_im_peer_profile_toggle_tags_on": "Показать доступные метки",
    "mail_im_peer_search": "Поиск по истории сообщений",
    "mail_im_photo_removed": ["", "{{from}} удалил фотографию беседы", "{{from}} удалила фотографию беседы"],
    "mail_im_photo_removed_channel": ["", "{{from}} удалил фотографию канала", "{{from}} удалила фотографию канала"],
    "mail_im_photo_set": ["", "{{from}} обновил фотографию беседы", "{{from}} обновила фотографию беседы"],
    "mail_im_pin_message": ["", "{{from}} закрепил сообщение «{{msg}}»", "{{from}} закрепила сообщение «{{msg}}»"],
    "mail_im_pin_message_empty2": ["", "{{from}} закрепил {{link}}сообщение{{\/link}}", "{{from}} закрепила {{link}}сообщение{{\/link}}"],
    "mail_im_returned_to_chat": ["", "{{from}} вернулся в беседу", "{{from}} вернулась в беседу"],
    "mail_im_search_empty": "Не найдено сообщений по такому запросу.",
    "mail_im_show_media_history": "Показать вложения",
    "mail_im_show_media_history_group": "Показать вложения",
    "mail_im_title_updated_channel": ["", "{{from}} изменил название канала: {{title}}", "{{from}} изменила название канала: {{title}}"],
    "mail_im_title_updated_dot": ["", "{{from}} изменил название беседы: {{title}}", "{{from}} изменила название беседы: {{title}}"],
    "mail_im_unmute": "Включить уведомления",
    "mail_im_unpin_message": ["", "{{from}} открепил сообщение «{{msg}}»", "{{from}} открепила сообщение «{{msg}}»"],
    "mail_im_unpin_message_empty2": ["", "{{from}} открепил {{link}}сообщение{{\/link}}", "{{from}} открепила {{link}}сообщение{{\/link}}"],
    "mail_invitation_sended_ago": "Приглашение отправлено {{when}}",
    "mail_join_invite_error_title": "Ошибка вступления в чат",
    "mail_keyboard_label_location": "Отправить своё местоположение",
    "mail_keyboard_label_vkpay": "Оплатить через VK Pay",
    "mail_last_activity_tip": ["", "{{user}} был в сети {{time}}", "{{user}} была в сети {{time}}"],
    "mail_leave_channel": "Отписаться от канала",
    "mail_leave_chat": "Выйти из беседы",
    "mail_marked_as_spam": "Сообщение помечено как спам и удалено.",
    "mail_menu_pin_hide": "Скрыть закрепл. сообщение",
    "mail_menu_pin_show": "Показать закрепл. сообщение",
    "mail_menu_unpin": "Открепить сообщение",
    "mail_message_edited": "изменено",
    "mail_message_request_reject": "Отклонить",
    "mail_message_wait_until_uploaded": "Пожалуйста, дождитесь окончания загрузки файлов.",
    "mail_messages_expired": ["", "{{count}} сообщение исчезло", "{{count}} сообщения исчезло", "{{count}} сообщений исчезло"],
    "mail_money_amount_rub": ["", "%s руб.", "%s руб.", "%s руб."],
    "mail_money_request_collected_amount": "Собрано {{amount}}",
    "mail_money_request_collected_amount_from": "Собрано {{amount}} из {{total_amount}}",
    "mail_money_request_held_amount": "({{amount}} ожидает получения)",
    "mail_money_request_message_sent": ["", "отправил запрос на перевод", "отправила запрос на перевод"],
    "mail_money_tranfer_message_sent": ["", "перевёл деньги", "перевела деньги"],
    "mail_not_found": "Пользователь не найден",
    "mail_peer_profile_likes_replies_tooltip": "Данные о лайках и комментариях показаны с 2020 года",
    "mail_recent_searches": "Недавно Вы искали",
    "mail_recording_audio_several": ["", "записывает аудио", "записывают аудио", "записывают аудио"],
    "mail_reject_mr_confirmation_text": "Вы действительно хотите отклонить приглашение в беседу?",
    "mail_reject_mr_confirmation_title": "Отклонить приглашение",
    "mail_restore": "Восстановить",
    "mail_restored": "Сообщение восстановлено",
    "mail_return_to_chat": "Вернуться в беседу",
    "mail_return_to_vkcomgroup": "Подписаться на канал",
    "mail_search_conversations_sep": "Беседы",
    "mail_search_creation": "Введите имя или фамилию",
    "mail_search_dialogs_sep": "Люди и сообщества",
    "mail_search_messages": "Сообщения",
    "mail_search_only_messages": "Искать в личных сообщениях",
    "mail_search_only_messages_comm": "Искать в сообщениях сообщества",
    "mail_send_message_error": "Ошибка при отправке сообщения",
    "mail_settings": "Информация о беседе",
    "mail_source_info": "Со страницы: {{link}}<br>{{info}}",
    "mail_sure_to_delete_all": "Вы действительно хотите <b>удалить всю переписку<\/b> с данным пользователем?<br><br>Отменить это действие будет <b>невозможно<\/b>.",
    "mail_typing_several": ["", "печатает", "печатают", "печатают"],
    "mail_unfollow_channel": "Отписаться",
    "mail_unfollow_channel_confirmation": "Вы действительно хотите <b>отписаться и удалить все сообщения<\/b> от этого канала?",
    "mail_unpin": "Открепить сообщение",
    "mail_unpin_text": "Вы действительно хотите открепить сообщение? Это изменение увидят все участники беседы.",
    "mail_unpin_title": "Открепить сообщение",
    "mail_unread_message": "Сообщение не прочитано",
    "mail_vkcomgroup_leave_confirm": "Отписавшись от канала, Вы не будете получать новые сообщения. Вы сможете вернуться впоследствии.<br>",
    "mail_vkcomgroup_settings": "Информация о канале",
    "months_of": {
        "1": "января",
        "2": "февраля",
        "3": "марта",
        "4": "апреля",
        "5": "мая",
        "6": "июня",
        "7": "июля",
        "8": "августа",
        "9": "сентября",
        "10": "октября",
        "11": "ноября",
        "12": "декабря"
    },
    "months_sm_of": {
        "1": "янв",
        "2": "фев",
        "3": "мар",
        "4": "апр",
        "5": "мая",
        "6": "июн",
        "7": "июл",
        "8": "авг",
        "9": "сен",
        "10": "окт",
        "11": "ноя",
        "12": "дек"
    },
    "text_N_symbols_remain": ["", "Остался %s знак", "Осталось %s знака", "Осталось %s знаков"],
    "text_exceeds_symbol_limit": ["", "Допустимый объём превышен на %s знак.", "Допустимый объём превышен на %s знака.", "Допустимый объём превышен на %s знаков."],
    "votes_flex": ["", "голос", "голоса", "голосов"],
    "notifications_native_common_error": "Произошла ошибка при включении уведомлений.",
    "audio_claim_delete": "удалить аудиозапись",
    "audio_claim_delete_capital": "Удалить аудиозапись",
    "audio_claim_objection": "заполнив специальную форму",
    "audio_claim_warning": "Аудиозапись {{audio}} была изъята из публичного доступа в связи с обращением правообладателя.",
    "audio_claim_warning_title": "Спорная аудиозапись",
    "audio_claimed_geo": "Аудиозапись {{audio}} недоступна для прослушивания в Вашем регионе.",
    "audio_claimed_replacement_available": "Аудиозапись была заблокирована по требованию правообладателя. Вы можете заменить её на оригинальную аудиозапись правообладателя <b>{{original}}<\/b>.",
    "audio_replace_with_original": "Заменить",
    "audio_site_rules_violation_header": "Запрещённая аудиозапись",
    "audio_site_rules_violation_warning": "Аудиозапись {{audio}} была изъята из публичного доступа в связи с нарушением правил сайта.",
    "friends_no_user_selected": "Вы не выбрали ни одного пользователя.",
    "global_action_confirmation": "Подтверждение действия",
    "global_audio_ad": "Реклама",
    "global_audio_only_with_subscription_btn": "Узнать больше",
    "global_audio_only_with_subscription_text": "Так решил музыкант или его представитель. Купите подписку и получите доступ к расширенному каталогу музыки.",
    "global_audio_only_with_subscription_title": "Аудиозапись доступна с подпиской",
    "global_box_error_title": "Ошибка",
    "global_error_occured": "Произошла ошибка",
    "global_photo_full_size": "Увеличить",
    "global_search_not_found": "По запросу {{search}} ничего не найдено.",
    "global_unknown_error": "Неизвестная ошибка",
    "mail_money_transfer_cancel_btn": "Отменить перевод",
    "mail_money_transfer_cancel_confirm": "Вы действительно хотите отменить денежный перевод?",
    "mail_money_transfer_decline_btn": "Отклонить",
    "mail_money_transfer_decline_confirm": "Вы действительно хотите отклонить денежный перевод?",
    "news_fb_money_transfer_decline_btn": "Отклонить",
    "news_fb_money_transfer_decline_confirm": "Вы действительно хотите отклонить денежный перевод?",
    "Month1": "Январь",
    "Month10": "Октябрь",
    "Month11": "Ноябрь",
    "Month12": "Декабрь",
    "Month2": "Февраль",
    "Month3": "Март",
    "Month4": "Апрель",
    "Month5": "Май",
    "Month6": "Июнь",
    "Month7": "Июль",
    "Month8": "Август",
    "Month9": "Сентябрь",
    "Save": "Сохранить",
    "ads_react_date_picker_mode_by_day": "По дням",
    "ads_react_date_picker_mode_by_month": "По месяцам",
    "ads_react_date_picker_range": "Диапазон:",
    "audio_add_to_audio": "Добавить в мою музыку",
    "audio_add_to_group": "Добавить в аудиозаписи сообщества",
    "audio_add_to_new_pl": "Новый плейлист",
    "audio_add_to_playlist": "Добавить в плейлист",
    "audio_album_part": "Часть {{part}}",
    "audio_delete_all_title": "Удаление аудиозаписей",
    "audio_delete_from_current": "Удалить из текущего плейлиста",
    "audio_dont_show": "Больше не показывать",
    "audio_edit_audio": "Редактировать аудиозапись",
    "audio_error_deleted_playlist_box": "Плейлист недоступен\/Такого плейлиста не существует или он был удалён автором.",
    "audio_loading_error": "Возникла ошибка, код ошибки: {{code}}",
    "audio_ok": "ОК",
    "audio_open_album": "Открыть альбом",
    "audio_playlist_btn_add": "Добавить",
    "audio_playlist_btn_added": "Добавлено",
    "audio_playlist_link_copied": "Ссылка скопирована в буфер обмена",
    "audio_podcast_delete_episode": "Удалить эпизод",
    "audio_podcast_edit_episode": "Редактировать эпизод",
    "audio_podcast_listen_later": "Послушать позже",
    "audio_podcast_open_episode": "Открыть эпизод",
    "audio_podcast_restore_episode": "Восстановить эпизод",
    "audio_remove_from_list": "Удалить из прослушанных",
    "audio_restore_audio": "Восстановить аудиозапись",
    "audio_restriction_title_claim": "Аудиозапись недоступна",
    "audio_row_show_all_playlists": "Показать все...",
    "audio_set_next_audio": "Воспроизвести следующей",
    "audio_share_audio": "Поделиться",
    "audio_show_recommendations": "Показать похожие",
    "audio_success_msg": "Аудиозапись успешно загружена.",
    "audio_success_msg_multiple": "Все аудиозаписи успешно загружены.",
    "audio_uploading_over": "Загрузка завершена",
    "global_add_media": "Прикрепить",
    "global_audio_replace": "Заменить",
    "global_audio_set_next_audio": "Воспроизвести следующей",
    "global_charged_zone_continue": "Продолжить",
    "global_charged_zone_title": "Предупреждение",
    "global_delete_audio": "Удалить аудиозапись",
    "global_friday_short": "пт",
    "global_media_selector_more": "Ещё",
    "global_monday_short": "пн",
    "global_saturday_short": "сб",
    "global_sunday_short": "вс",
    "global_thursday_short": "чт",
    "global_tuesday_short": "вт",
    "global_wednesday_short": "ср",
    "groups_age_accepted": "Мне исполнилось 18 лет",
    "groups_age_approve": "Подтвердить",
    "groups_age_disclaimer": "Сообщество может содержать информацию, предназначенную для лиц, достигших 18 лет. Чтобы продолжить, подтвердите достижение данного возраста.",
    "groups_age_warning": "Предупреждение",
    "groups_chats_activity_status": ["", "Общается %s участник", "Общаются %s участника", "Общаются %s участников"],
    "groups_choose_subject": "Выберите тематику",
    "groups_donut_cancel_subscription_dialog_button_confirm": "Отменить подписку",
    "groups_donut_cancel_subscription_dialog_button_discard": "Не отменять",
    "groups_donut_cancel_subscription_dialog_title": "Отмена подписки",
    "groups_edit_action_log_extended_tooltip": "Перейти в подробный вид",
    "groups_edit_action_log_simple_tooltip": "Перейти в упрощённый вид",
    "groups_edit_event_log_photo_view_title": "Просмотр фотографии",
    "groups_edit_filter_all_time": "Всё время",
    "groups_edit_filter_clear_date": "Сбросить",
    "groups_edit_filter_hide": "Свернуть",
    "groups_edit_filter_hide_all": "Свернуть все",
    "groups_edit_filter_more": "Показать полностью",
    "groups_group_leave2": "Это закрытая группа. Если Вы из неё выйдете, попасть обратно, возможно, будет непросто.",
    "groups_onboarding_podcast": "Послушайте подкасты сообщества",
    "groups_similar_events_recommendations_title": "Похожие мероприятия",
    "groups_similar_events_show_menu_item": "Похожие мероприятия",
    "groups_similar_recommendations_another_title": "Рекомендуем",
    "groups_similar_recommendations_title": "Похожие сообщества",
    "groups_similar_recommends_hide_menu_item": "Скрыть похожие",
    "groups_similar_recommends_show_menu_item": "Похожие сообщества",
    "groups_start_typing_subject": "Начните вводить тематику",
    "groups_warning_notification_proceed": "Продолжить просмотр",
    "groups_warning_notification_web_img_alt": "Иконка записи с пиктограммой закрытого глаза поверх неё",
    "month10_of": "октября",
    "month10sm_of": "окт",
    "month11_of": "ноября",
    "month11sm_of": "ноя",
    "month12_of": "декабря",
    "month12sm_of": "дек",
    "month1_of": "января",
    "month1sm_of": "янв",
    "month2_of": "февраля",
    "month2sm_of": "фев",
    "month3_of": "марта",
    "month3sm_of": "мар",
    "month4_of": "апреля",
    "month4sm_of": "апр",
    "month5_of": "мая",
    "month5sm_of": "мая",
    "month6_of": "июня",
    "month6sm_of": "июн",
    "month7_of": "июля",
    "month7sm_of": "июл",
    "month8_of": "августа",
    "month8sm_of": "авг",
    "month9_of": "сентября",
    "month9sm_of": "сен",
    "reports_community_comment_placeholder": "Опишите проблему подробнее",
    "reports_community_form_box_header": "Жалоба на сообщество",
    "reports_community_form_box_moder_comment_input_description": "Комментарий модератору",
    "reports_community_form_box_report": "Отправить",
    "reports_community_form_box_reports_input_description": "Причина жалобы",
    "reports_community_report_added_with_markup": "<b>Жалоба принята<\/b><br>Ваша жалоба на сообщество вскоре будет рассмотрена модераторами.",
    "reports_report_is_not_accepted": "Жалоба не принята"
}